{"metadata":{"version":1},"mouthCues":[{"start":0,"end":5.07428125,"value":"X"},{"start":5.07428125,"end":10.1485625,"value":"A"},{"start":10.1485625,"end":15.222843750000001,"value":"O"},{"start":15.222843750000001,"end":20.297125,"value":"X"}]}