{"metadata":{"version":1},"mouthCues":[{"start":0,"end":4.0163125,"value":"X"},{"start":4.0163125,"end":8.032625,"value":"A"},{"start":8.032625,"end":12.0489375,"value":"O"},{"start":12.0489375,"end":16.06525,"value":"X"}]}