{"metadata":{"version":1},"mouthCues":[{"start":0,"end":4.49957825,"value":"X"},{"start":4.49957825,"end":8.9991565,"value":"A"},{"start":8.9991565,"end":13.49873475,"value":"O"},{"start":13.49873475,"end":17.998313,"value":"X"}]}